{
  "hash": "b9816953",
  "configHash": "ec7dbe8a",
  "lockfileHash": "ee58b5ce",
  "browserHash": "98ff09ce",
  "optimized": {
    "@amcharts/amcharts5": {
      "src": "../../../../../node_modules/@amcharts/amcharts5/index.js",
      "file": "@amcharts_amcharts5.js",
      "fileHash": "5757f6f2",
      "needsInterop": false
    },
    "@amcharts/amcharts5-geodata/worldLow": {
      "src": "../../../../../node_modules/@amcharts/amcharts5-geodata/worldLow.js",
      "file": "@amcharts_amcharts5-geodata_worldLow.js",
      "fileHash": "39994ea9",
      "needsInterop": false
    },
    "@amcharts/amcharts5/map": {
      "src": "../../../../../node_modules/@amcharts/amcharts5/map.js",
      "file": "@amcharts_amcharts5_map.js",
      "fileHash": "b29d434e",
      "needsInterop": false
    },
    "@amcharts/amcharts5/themes/Animated": {
      "src": "../../../../../node_modules/@amcharts/amcharts5/themes/Animated.js",
      "file": "@amcharts_amcharts5_themes_Animated.js",
      "fileHash": "a6555008",
      "needsInterop": false
    },
    "@angular/common": {
      "src": "../../../../../node_modules/@angular/common/fesm2022/common.mjs",
      "file": "@angular_common.js",
      "fileHash": "49bd997c",
      "needsInterop": false
    },
    "@angular/common/http": {
      "src": "../../../../../node_modules/@angular/common/fesm2022/http.mjs",
      "file": "@angular_common_http.js",
      "fileHash": "c26b687d",
      "needsInterop": false
    },
    "@angular/common/locales/en": {
      "src": "../../../../../node_modules/@angular/common/locales/en.mjs",
      "file": "@angular_common_locales_en.js",
      "fileHash": "0298a57f",
      "needsInterop": false
    },
    "@angular/common/locales/es": {
      "src": "../../../../../node_modules/@angular/common/locales/es.mjs",
      "file": "@angular_common_locales_es.js",
      "fileHash": "9c017efa",
      "needsInterop": false
    },
    "@angular/common/locales/pt": {
      "src": "../../../../../node_modules/@angular/common/locales/pt.mjs",
      "file": "@angular_common_locales_pt.js",
      "fileHash": "5f368406",
      "needsInterop": false
    },
    "@angular/core": {
      "src": "../../../../../node_modules/@angular/core/fesm2022/core.mjs",
      "file": "@angular_core.js",
      "fileHash": "b7700f07",
      "needsInterop": false
    },
    "@angular/forms": {
      "src": "../../../../../node_modules/@angular/forms/fesm2022/forms.mjs",
      "file": "@angular_forms.js",
      "fileHash": "b9ef0a61",
      "needsInterop": false
    },
    "@angular/platform-browser": {
      "src": "../../../../../node_modules/@angular/platform-browser/fesm2022/platform-browser.mjs",
      "file": "@angular_platform-browser.js",
      "fileHash": "81afd3be",
      "needsInterop": false
    },
    "@angular/router": {
      "src": "../../../../../node_modules/@angular/router/fesm2022/router.mjs",
      "file": "@angular_router.js",
      "fileHash": "df7f2275",
      "needsInterop": false
    },
    "@angular/service-worker": {
      "src": "../../../../../node_modules/@angular/service-worker/fesm2022/service-worker.mjs",
      "file": "@angular_service-worker.js",
      "fileHash": "ef052174",
      "needsInterop": false
    },
    "@angular/youtube-player": {
      "src": "../../../../../node_modules/@angular/youtube-player/fesm2022/youtube-player.mjs",
      "file": "@angular_youtube-player.js",
      "fileHash": "8e275814",
      "needsInterop": false
    },
    "@gilsdav/ngx-translate-router": {
      "src": "../../../../../node_modules/@gilsdav/ngx-translate-router/fesm2022/gilsdav-ngx-translate-router.mjs",
      "file": "@gilsdav_ngx-translate-router.js",
      "fileHash": "bb65f456",
      "needsInterop": false
    },
    "@gilsdav/ngx-translate-router-http-loader": {
      "src": "../../../../../node_modules/@gilsdav/ngx-translate-router-http-loader/fesm2020/gilsdav-ngx-translate-router-http-loader.mjs",
      "file": "@gilsdav_ngx-translate-router-http-loader.js",
      "fileHash": "c049847b",
      "needsInterop": false
    },
    "@ng-bootstrap/ng-bootstrap": {
      "src": "../../../../../node_modules/@ng-bootstrap/ng-bootstrap/fesm2022/ng-bootstrap.mjs",
      "file": "@ng-bootstrap_ng-bootstrap.js",
      "fileHash": "546060fe",
      "needsInterop": false
    },
    "@ngx-translate/core": {
      "src": "../../../../../node_modules/@ngx-translate/core/dist/fesm2022/ngx-translate-core.mjs",
      "file": "@ngx-translate_core.js",
      "fileHash": "ec27dce8",
      "needsInterop": false
    },
    "@ngx-translate/http-loader": {
      "src": "../../../../../node_modules/@ngx-translate/http-loader/dist/fesm2022/ngx-translate-http-loader.mjs",
      "file": "@ngx-translate_http-loader.js",
      "fileHash": "0e0f29f7",
      "needsInterop": false
    },
    "@popperjs/core": {
      "src": "../../../../../node_modules/@popperjs/core/lib/index.js",
      "file": "@popperjs_core.js",
      "fileHash": "5f89a180",
      "needsInterop": false
    },
    "google-libphonenumber": {
      "src": "../../../../../node_modules/google-libphonenumber/dist/libphonenumber.js",
      "file": "google-libphonenumber.js",
      "fileHash": "fd3494cd",
      "needsInterop": true
    },
    "ng-inline-svg-2": {
      "src": "../../../../../node_modules/ng-inline-svg-2/lib_esmodule/index.js",
      "file": "ng-inline-svg-2.js",
      "fileHash": "607b22b8",
      "needsInterop": false
    },
    "rxjs": {
      "src": "../../../../../node_modules/rxjs/dist/esm5/index.js",
      "file": "rxjs.js",
      "fileHash": "8a2da883",
      "needsInterop": false
    },
    "rxjs/operators": {
      "src": "../../../../../node_modules/rxjs/dist/esm5/operators/index.js",
      "file": "rxjs_operators.js",
      "fileHash": "de8bb86c",
      "needsInterop": false
    },
    "swiper/element/bundle": {
      "src": "../../../../../node_modules/swiper/swiper-element-bundle.mjs",
      "file": "swiper_element_bundle.js",
      "fileHash": "2c619c10",
      "needsInterop": false
    },
    "ngx-quill": {
      "src": "../../../../../node_modules/ngx-quill/fesm2022/ngx-quill.mjs",
      "file": "ngx-quill.js",
      "fileHash": "8763a5ed",
      "needsInterop": false
    }
  },
  "chunks": {
    "quill-62EM37VH": {
      "file": "quill-62EM37VH.js"
    },
    "chunk-73PT4L4J": {
      "file": "chunk-73PT4L4J.js"
    },
    "chunk-NJHX4NLE": {
      "file": "chunk-NJHX4NLE.js"
    },
    "chunk-B2NWSZPO": {
      "file": "chunk-B2NWSZPO.js"
    },
    "chunk-V4VXQCYH": {
      "file": "chunk-V4VXQCYH.js"
    },
    "chunk-XVYHQB32": {
      "file": "chunk-XVYHQB32.js"
    },
    "chunk-VA3GOMYM": {
      "file": "chunk-VA3GOMYM.js"
    },
    "chunk-6L3DKKWU": {
      "file": "chunk-6L3DKKWU.js"
    },
    "chunk-KALW7GAD": {
      "file": "chunk-KALW7GAD.js"
    },
    "chunk-OKK4C562": {
      "file": "chunk-OKK4C562.js"
    },
    "chunk-QFNOSN6A": {
      "file": "chunk-QFNOSN6A.js"
    },
    "chunk-26O3BCNQ": {
      "file": "chunk-26O3BCNQ.js"
    },
    "chunk-5BURAC2Z": {
      "file": "chunk-5BURAC2Z.js"
    },
    "chunk-EC6BZIDR": {
      "file": "chunk-EC6BZIDR.js"
    },
    "chunk-W5SOQY2G": {
      "file": "chunk-W5SOQY2G.js"
    },
    "chunk-CJ77FWBK": {
      "file": "chunk-CJ77FWBK.js"
    },
    "chunk-ZA2DQWUL": {
      "file": "chunk-ZA2DQWUL.js"
    },
    "chunk-KZQQXEH6": {
      "file": "chunk-KZQQXEH6.js"
    }
  }
}